﻿<?xml version="1.0" encoding="utf-8"?>
<DataSchemaModel FileFormatVersion="1.2" SchemaVersion="2.5" DspName="Microsoft.Data.Tools.Schema.Sql.SqlAzureV12DatabaseSchemaProvider" CollationLcid="1033" CollationCaseSensitive="False" xmlns="http://schemas.microsoft.com/sqlserver/dac/Serialization/2012/02">
	<Model>
		<Element Type="SqlDatabaseOptions">
			<Property Name="Collation" Value="SQL_Latin1_General_CP1_CI_AS" />
			<Property Name="IsAnsiPaddingOn" Value="False" />
			<Property Name="IsQuotedIdentifierOn" Value="False" />
			<Property Name="IsCursorDefaultScopeGlobal" Value="True" />
			<Property Name="IsTornPageProtectionOn" Value="False" />
			<Property Name="IsFullTextEnabled" Value="True" />
			<Property Name="ServiceBrokerOption" Value="1" />
			<Property Name="IsAllowSnapshotIsolation" Value="True" />
			<Property Name="IsReadCommittedSnapshot" Value="True" />
			<Property Name="IsEncryptionOn" Value="True" />
			<Property Name="CatalogCollation" Value="2" />
			<Property Name="FileStreamDirectoryName" Value="" />
			<Property Name="TargetRecoveryTimePeriod" Value="60" />
			<Relationship Name="DefaultFilegroup">
				<Entry>
					<References ExternalSource="BuiltIns" Name="[PRIMARY]" />
				</Entry>
			</Relationship>
		</Element>
		<Element Type="SqlForeignKeyConstraint" Name="[dbo].[FK_userroles_roleid]">
			<Relationship Name="Columns">
				<Entry>
					<References Name="[dbo].[User_roles].[role_id]" />
				</Entry>
			</Relationship>
			<Relationship Name="DefiningTable">
				<Entry>
					<References Name="[dbo].[User_roles]" />
				</Entry>
			</Relationship>
			<Relationship Name="ForeignColumns">
				<Entry>
					<References Name="[dbo].[Roles].[role_id]" />
				</Entry>
			</Relationship>
			<Relationship Name="ForeignTable">
				<Entry>
					<References Name="[dbo].[Roles]" />
				</Entry>
			</Relationship>
		</Element>
		<Element Type="SqlForeignKeyConstraint" Name="[dbo].[FK_userroles_userid]">
			<Relationship Name="Columns">
				<Entry>
					<References Name="[dbo].[User_roles].[user_id]" />
				</Entry>
			</Relationship>
			<Relationship Name="DefiningTable">
				<Entry>
					<References Name="[dbo].[User_roles]" />
				</Entry>
			</Relationship>
			<Relationship Name="ForeignColumns">
				<Entry>
					<References Name="[dbo].[Users].[user_id]" />
				</Entry>
			</Relationship>
			<Relationship Name="ForeignTable">
				<Entry>
					<References Name="[dbo].[Users]" />
				</Entry>
			</Relationship>
		</Element>
		<Element Type="SqlForeignKeyConstraint" Name="[dbo].[FK_Users_userid]">
			<Relationship Name="Columns">
				<Entry>
					<References Name="[dbo].[User_keys].[user_id]" />
				</Entry>
			</Relationship>
			<Relationship Name="DefiningTable">
				<Entry>
					<References Name="[dbo].[User_keys]" />
				</Entry>
			</Relationship>
			<Relationship Name="ForeignColumns">
				<Entry>
					<References Name="[dbo].[Users].[user_id]" />
				</Entry>
			</Relationship>
			<Relationship Name="ForeignTable">
				<Entry>
					<References Name="[dbo].[Users]" />
				</Entry>
			</Relationship>
		</Element>
		<Element Type="SqlScalarFunction" Name="[dbo].[fn_CheckIfUserIsHR]">
			<Property Name="IsAnsiNullsOn" Value="True" />
			<Relationship Name="BodyDependencies">
				<Entry>
					<References ExternalSource="BuiltIns" Name="[bit]" />
				</Entry>
				<Entry>
					<References ExternalSource="BuiltIns" Name="[int]" />
				</Entry>
				<Entry>
					<References Name="[dbo].[Users]" />
				</Entry>
				<Entry>
					<References Name="[dbo].[Users].[user_id]" />
				</Entry>
				<Entry>
					<References Name="[dbo].[Users].[sub]" />
				</Entry>
				<Entry>
					<References Name="[dbo].[fn_CheckIfUserIsHR].[@sub]" />
				</Entry>
				<Entry>
					<References Name="[dbo].[User_roles]" />
				</Entry>
				<Entry>
					<References Name="[dbo].[User_roles].[user_id]" />
				</Entry>
				<Entry>
					<References Name="[dbo].[User_roles].[role_id]" />
				</Entry>
			</Relationship>
			<Relationship Name="FunctionBody">
				<Entry>
					<Element Type="SqlScriptFunctionImplementation">
						<Property Name="BodyScript">
							<Value QuotedIdentifiers="True" AnsiNulls="True"><![CDATA[
BEGIN
    DECLARE @isHR bit;
    DECLARE @userId int;
    
    -- Get user_id from Users table based on sub
    SELECT @userId = user_id
    FROM dbo.Users
    WHERE sub = @sub;
    
    IF @userId IS NULL
    BEGIN
        SET @isHR = 0;
    END
    ELSE
    BEGIN
        -- Check if user has HR role
        IF EXISTS(SELECT 1 FROM dbo.User_roles WHERE user_id = @userId AND role_id = 2)
        BEGIN
            SET @isHR = 1;
        END
        ELSE
        BEGIN
            SET @isHR = 0;
        END
    END
    RETURN @isHR;
END;]]></Value>
						</Property>
						<Annotation Type="SysCommentsObjectAnnotation">
							<Property Name="Length" Value="651" />
							<Property Name="StartLine" Value="1" />
							<Property Name="StartColumn" Value="1" />
							<Property Name="HeaderContents" Value="CREATE FUNCTION dbo.fn_CheckIfUserIsHR&#xD;&#xA;(&#xD;&#xA;    @sub varchar(40)&#xD;&#xA;)&#xD;&#xA;RETURNS bit&#xD;&#xA;AS" />
						</Annotation>
					</Element>
				</Entry>
			</Relationship>
			<Relationship Name="Parameters">
				<Entry>
					<Element Type="SqlSubroutineParameter" Name="[dbo].[fn_CheckIfUserIsHR].[@sub]">
						<Relationship Name="Type">
							<Entry>
								<Element Type="SqlTypeSpecifier">
									<Property Name="Length" Value="40" />
									<Relationship Name="Type">
										<Entry>
											<References ExternalSource="BuiltIns" Name="[varchar]" />
										</Entry>
									</Relationship>
								</Element>
							</Entry>
						</Relationship>
					</Element>
				</Entry>
			</Relationship>
			<Relationship Name="Schema">
				<Entry>
					<References ExternalSource="BuiltIns" Name="[dbo]" />
				</Entry>
			</Relationship>
			<Relationship Name="Type">
				<Entry>
					<Element Type="SqlTypeSpecifier">
						<Relationship Name="Type">
							<Entry>
								<References ExternalSource="BuiltIns" Name="[bit]" />
							</Entry>
						</Relationship>
					</Element>
				</Entry>
			</Relationship>
		</Element>
		<Element Type="SqlInlineTableValuedFunction" Name="[dbo].[fn_GetUserKeysBySub]">
			<Property Name="IsAnsiNullsOn" Value="True" />
			<Relationship Name="BodyDependencies">
				<Entry>
					<References Name="[dbo].[User_keys]" />
				</Entry>
				<Entry>
					<References Name="[dbo].[Users]" />
				</Entry>
				<Entry>
					<References Name="[dbo].[User_keys].[user_id]" />
				</Entry>
				<Entry>
					<References Name="[dbo].[Users].[user_id]" />
				</Entry>
				<Entry>
					<References Name="[dbo].[Users].[sub]" />
				</Entry>
				<Entry>
					<References Name="[dbo].[fn_GetUserKeysBySub].[@sub]" />
				</Entry>
			</Relationship>
			<Relationship Name="Columns">
				<Entry>
					<Element Type="SqlComputedColumn" Name="[dbo].[fn_GetUserKeysBySub].[user_key_id]">
						<Relationship Name="ExpressionDependencies">
							<Entry>
								<References Name="[dbo].[User_keys].[user_key_id]" />
							</Entry>
						</Relationship>
					</Element>
				</Entry>
				<Entry>
					<Element Type="SqlComputedColumn" Name="[dbo].[fn_GetUserKeysBySub].[user_id]">
						<Relationship Name="ExpressionDependencies">
							<Entry>
								<References Name="[dbo].[User_keys].[user_id]" />
							</Entry>
						</Relationship>
					</Element>
				</Entry>
				<Entry>
					<Element Type="SqlComputedColumn" Name="[dbo].[fn_GetUserKeysBySub].[outlook_key]">
						<Relationship Name="ExpressionDependencies">
							<Entry>
								<References Name="[dbo].[User_keys].[outlook_key]" />
							</Entry>
						</Relationship>
					</Element>
				</Entry>
				<Entry>
					<Element Type="SqlComputedColumn" Name="[dbo].[fn_GetUserKeysBySub].[github_key]">
						<Relationship Name="ExpressionDependencies">
							<Entry>
								<References Name="[dbo].[User_keys].[github_key]" />
							</Entry>
						</Relationship>
					</Element>
				</Entry>
				<Entry>
					<Element Type="SqlComputedColumn" Name="[dbo].[fn_GetUserKeysBySub].[azure_key]">
						<Relationship Name="ExpressionDependencies">
							<Entry>
								<References Name="[dbo].[User_keys].[azure_key]" />
							</Entry>
						</Relationship>
					</Element>
				</Entry>
			</Relationship>
			<Relationship Name="FunctionBody">
				<Entry>
					<Element Type="SqlScriptFunctionImplementation">
						<Property Name="BodyScript">
							<Value QuotedIdentifiers="True" AnsiNulls="True"><![CDATA[ (
    SELECT UK.*
    FROM dbo.User_keys UK
    INNER JOIN dbo.Users U
    ON UK.user_id = U.user_id
    WHERE U.sub = @sub
)]]></Value>
						</Property>
						<Annotation Type="SysCommentsObjectAnnotation">
							<Property Name="Length" Value="207" />
							<Property Name="StartLine" Value="1" />
							<Property Name="StartColumn" Value="1" />
							<Property Name="HeaderContents" Value="CREATE FUNCTION dbo.fn_GetUserKeysBySub(@sub VARCHAR(40))&#xA;RETURNS TABLE&#xA;AS&#xA;RETURN" />
						</Annotation>
					</Element>
				</Entry>
			</Relationship>
			<Relationship Name="Parameters">
				<Entry>
					<Element Type="SqlSubroutineParameter" Name="[dbo].[fn_GetUserKeysBySub].[@sub]">
						<Relationship Name="Type">
							<Entry>
								<Element Type="SqlTypeSpecifier">
									<Property Name="Length" Value="40" />
									<Relationship Name="Type">
										<Entry>
											<References ExternalSource="BuiltIns" Name="[varchar]" />
										</Entry>
									</Relationship>
								</Element>
							</Entry>
						</Relationship>
					</Element>
				</Entry>
			</Relationship>
			<Relationship Name="Schema">
				<Entry>
					<References ExternalSource="BuiltIns" Name="[dbo]" />
				</Entry>
			</Relationship>
		</Element>
		<Element Type="SqlPrimaryKeyConstraint" Name="[dbo].[PK_Roles]">
			<Relationship Name="ColumnSpecifications">
				<Entry>
					<Element Type="SqlIndexedColumnSpecification">
						<Relationship Name="Column">
							<Entry>
								<References Name="[dbo].[Roles].[role_id]" />
							</Entry>
						</Relationship>
					</Element>
				</Entry>
			</Relationship>
			<Relationship Name="DefiningTable">
				<Entry>
					<References Name="[dbo].[Roles]" />
				</Entry>
			</Relationship>
		</Element>
		<Element Type="SqlPrimaryKeyConstraint" Name="[dbo].[PK_Table_1]">
			<Relationship Name="ColumnSpecifications">
				<Entry>
					<Element Type="SqlIndexedColumnSpecification">
						<Relationship Name="Column">
							<Entry>
								<References Name="[dbo].[Users].[user_id]" />
							</Entry>
						</Relationship>
					</Element>
				</Entry>
			</Relationship>
			<Relationship Name="DefiningTable">
				<Entry>
					<References Name="[dbo].[Users]" />
				</Entry>
			</Relationship>
		</Element>
		<Element Type="SqlPrimaryKeyConstraint" Name="[dbo].[PK_User_keys]">
			<Relationship Name="ColumnSpecifications">
				<Entry>
					<Element Type="SqlIndexedColumnSpecification">
						<Relationship Name="Column">
							<Entry>
								<References Name="[dbo].[User_keys].[user_key_id]" />
							</Entry>
						</Relationship>
					</Element>
				</Entry>
			</Relationship>
			<Relationship Name="DefiningTable">
				<Entry>
					<References Name="[dbo].[User_keys]" />
				</Entry>
			</Relationship>
		</Element>
		<Element Type="SqlPrimaryKeyConstraint" Name="[dbo].[PK_User_roles]">
			<Relationship Name="ColumnSpecifications">
				<Entry>
					<Element Type="SqlIndexedColumnSpecification">
						<Relationship Name="Column">
							<Entry>
								<References Name="[dbo].[User_roles].[user_role_id]" />
							</Entry>
						</Relationship>
					</Element>
				</Entry>
			</Relationship>
			<Relationship Name="DefiningTable">
				<Entry>
					<References Name="[dbo].[User_roles]" />
				</Entry>
			</Relationship>
		</Element>
		<Element Type="SqlTable" Name="[dbo].[Roles]">
			<Property Name="IsAnsiNullsOn" Value="True" />
			<Relationship Name="Columns">
				<Entry>
					<Element Type="SqlSimpleColumn" Name="[dbo].[Roles].[role_id]">
						<Property Name="IsNullable" Value="False" />
						<Property Name="IsIdentity" Value="True" />
						<Relationship Name="TypeSpecifier">
							<Entry>
								<Element Type="SqlTypeSpecifier">
									<Relationship Name="Type">
										<Entry>
											<References ExternalSource="BuiltIns" Name="[int]" />
										</Entry>
									</Relationship>
								</Element>
							</Entry>
						</Relationship>
						<Annotation Type="OnlinePropertyAnnotation" Name="[LastValue]">
							<Property Name="Value" Value="3" />
						</Annotation>
					</Element>
				</Entry>
				<Entry>
					<Element Type="SqlSimpleColumn" Name="[dbo].[Roles].[nombre_rol]">
						<Property Name="IsNullable" Value="False" />
						<Relationship Name="TypeSpecifier">
							<Entry>
								<Element Type="SqlTypeSpecifier">
									<Property Name="Length" Value="30" />
									<Relationship Name="Type">
										<Entry>
											<References ExternalSource="BuiltIns" Name="[varchar]" />
										</Entry>
									</Relationship>
								</Element>
							</Entry>
						</Relationship>
					</Element>
				</Entry>
			</Relationship>
			<Relationship Name="Schema">
				<Entry>
					<References ExternalSource="BuiltIns" Name="[dbo]" />
				</Entry>
			</Relationship>
		</Element>
		<Element Type="SqlDmlTrigger" Name="[dbo].[TR_User_AfterInsert]">
			<Property Name="IsInsertTrigger" Value="True" />
			<Property Name="SqlTriggerType" Value="2" />
			<Property Name="BodyScript">
				<Value QuotedIdentifiers="True" AnsiNulls="True"><![CDATA[
BEGIN
    INSERT INTO dbo.User_keys(user_id)
    SELECT user_id FROM inserted
END]]></Value>
			</Property>
			<Property Name="IsAnsiNullsOn" Value="True" />
			<Relationship Name="BodyDependencies">
				<Entry>
					<References Name="[dbo].[User_keys]" />
				</Entry>
				<Entry>
					<References Name="[dbo].[User_keys].[user_id]" />
				</Entry>
				<Entry>
					<References Name="[dbo].[Users].[user_id]" />
				</Entry>
			</Relationship>
			<Relationship Name="Parent">
				<Entry>
					<References Name="[dbo].[Users]" />
				</Entry>
			</Relationship>
			<Annotation Type="SysCommentsObjectAnnotation">
				<Property Name="Length" Value="152" />
				<Property Name="StartLine" Value="1" />
				<Property Name="StartColumn" Value="1" />
				<Property Name="HeaderContents" Value="CREATE TRIGGER TR_User_AfterInsert&#xD;&#xA;ON dbo.Users&#xD;&#xA;AFTER INSERT&#xD;&#xA;AS" />
			</Annotation>
		</Element>
		<Element Type="SqlDmlTrigger" Name="[dbo].[trg_InsertUser]">
			<Property Name="IsInsertTrigger" Value="True" />
			<Property Name="SqlTriggerType" Value="2" />
			<Property Name="BodyScript">
				<Value QuotedIdentifiers="True" AnsiNulls="True"><![CDATA[
BEGIN
    SET NOCOUNT ON;
    
    INSERT INTO User_roles (user_id, role_id)
    SELECT inserted.user_id, 1
    FROM inserted;
END;]]></Value>
			</Property>
			<Property Name="IsAnsiNullsOn" Value="True" />
			<Relationship Name="BodyDependencies">
				<Entry>
					<References Name="[dbo].[User_roles]" />
				</Entry>
				<Entry>
					<References Name="[dbo].[User_roles].[user_id]" />
				</Entry>
				<Entry>
					<References Name="[dbo].[User_roles].[role_id]" />
				</Entry>
				<Entry>
					<References Name="[dbo].[Users].[user_id]" />
				</Entry>
			</Relationship>
			<Relationship Name="Parent">
				<Entry>
					<References Name="[dbo].[Users]" />
				</Entry>
			</Relationship>
			<Annotation Type="SysCommentsObjectAnnotation">
				<Property Name="Length" Value="196" />
				<Property Name="StartLine" Value="1" />
				<Property Name="StartColumn" Value="1" />
				<Property Name="HeaderContents" Value="CREATE TRIGGER trg_InsertUser&#xD;&#xA;ON Users&#xD;&#xA;AFTER INSERT&#xD;&#xA;AS" />
			</Annotation>
		</Element>
		<Element Type="SqlUniqueConstraint" Name="[dbo].[UC_User_keys_UserId]">
			<Relationship Name="ColumnSpecifications">
				<Entry>
					<Element Type="SqlIndexedColumnSpecification">
						<Relationship Name="Column">
							<Entry>
								<References Name="[dbo].[User_keys].[user_id]" />
							</Entry>
						</Relationship>
					</Element>
				</Entry>
			</Relationship>
			<Relationship Name="DefiningTable">
				<Entry>
					<References Name="[dbo].[User_keys]" />
				</Entry>
			</Relationship>
		</Element>
		<Element Type="SqlUniqueConstraint" Name="[dbo].[unique_sub]">
			<Relationship Name="ColumnSpecifications">
				<Entry>
					<Element Type="SqlIndexedColumnSpecification">
						<Relationship Name="Column">
							<Entry>
								<References Name="[dbo].[Users].[sub]" />
							</Entry>
						</Relationship>
					</Element>
				</Entry>
			</Relationship>
			<Relationship Name="DefiningTable">
				<Entry>
					<References Name="[dbo].[Users]" />
				</Entry>
			</Relationship>
		</Element>
		<Element Type="SqlProcedure" Name="[dbo].[UpdateAzureKey]">
			<Property Name="BodyScript">
				<Value QuotedIdentifiers="True" AnsiNulls="True"><![CDATA[
BEGIN
    UPDATE UK
    SET UK.azure_key = @azureKey
    FROM dbo.User_keys UK
    INNER JOIN dbo.Users U
        ON UK.user_id = U.user_id
    WHERE U.sub = @sub
END]]></Value>
			</Property>
			<Property Name="IsAnsiNullsOn" Value="True" />
			<Relationship Name="BodyDependencies">
				<Entry>
					<References Name="[dbo].[User_keys]" />
				</Entry>
				<Entry>
					<References Name="[dbo].[Users]" />
				</Entry>
				<Entry>
					<References Name="[dbo].[User_keys].[user_id]" />
				</Entry>
				<Entry>
					<References Name="[dbo].[Users].[user_id]" />
				</Entry>
				<Entry>
					<References Name="[dbo].[User_keys].[azure_key]" />
				</Entry>
				<Entry>
					<References Name="[dbo].[UpdateAzureKey].[@azureKey]" />
				</Entry>
				<Entry>
					<References Name="[dbo].[Users].[sub]" />
				</Entry>
				<Entry>
					<References Name="[dbo].[UpdateAzureKey].[@sub]" />
				</Entry>
			</Relationship>
			<Relationship Name="Parameters">
				<Entry>
					<Element Type="SqlSubroutineParameter" Name="[dbo].[UpdateAzureKey].[@sub]">
						<Relationship Name="Type">
							<Entry>
								<Element Type="SqlTypeSpecifier">
									<Property Name="Length" Value="40" />
									<Relationship Name="Type">
										<Entry>
											<References ExternalSource="BuiltIns" Name="[varchar]" />
										</Entry>
									</Relationship>
								</Element>
							</Entry>
						</Relationship>
					</Element>
				</Entry>
				<Entry>
					<Element Type="SqlSubroutineParameter" Name="[dbo].[UpdateAzureKey].[@azureKey]">
						<Relationship Name="Type">
							<Entry>
								<Element Type="SqlTypeSpecifier">
									<Property Name="Length" Value="64" />
									<Relationship Name="Type">
										<Entry>
											<References ExternalSource="BuiltIns" Name="[varchar]" />
										</Entry>
									</Relationship>
								</Element>
							</Entry>
						</Relationship>
					</Element>
				</Entry>
			</Relationship>
			<Relationship Name="Schema">
				<Entry>
					<References ExternalSource="BuiltIns" Name="[dbo]" />
				</Entry>
			</Relationship>
			<Annotation Type="SysCommentsObjectAnnotation">
				<Property Name="CreateOffset" Value="28" />
				<Property Name="Length" Value="292" />
				<Property Name="StartLine" Value="1" />
				<Property Name="StartColumn" Value="1" />
				<Property Name="HeaderContents" Value="-- Procedure for azure_key&#xD;&#xA;CREATE PROCEDURE dbo.UpdateAzureKey&#xD;&#xA;    @sub VARCHAR(40),&#xD;&#xA;    @azureKey VARCHAR(64)&#xD;&#xA;AS" />
			</Annotation>
		</Element>
		<Element Type="SqlProcedure" Name="[dbo].[UpdateGithubKey]">
			<Property Name="BodyScript">
				<Value QuotedIdentifiers="True" AnsiNulls="True"><![CDATA[
BEGIN
    UPDATE UK
    SET UK.github_key = @githubKey
    FROM dbo.User_keys UK
    INNER JOIN dbo.Users U
        ON UK.user_id = U.user_id
    WHERE U.sub = @sub
END]]></Value>
			</Property>
			<Property Name="IsAnsiNullsOn" Value="True" />
			<Relationship Name="BodyDependencies">
				<Entry>
					<References Name="[dbo].[User_keys]" />
				</Entry>
				<Entry>
					<References Name="[dbo].[Users]" />
				</Entry>
				<Entry>
					<References Name="[dbo].[User_keys].[user_id]" />
				</Entry>
				<Entry>
					<References Name="[dbo].[Users].[user_id]" />
				</Entry>
				<Entry>
					<References Name="[dbo].[User_keys].[github_key]" />
				</Entry>
				<Entry>
					<References Name="[dbo].[UpdateGithubKey].[@githubKey]" />
				</Entry>
				<Entry>
					<References Name="[dbo].[Users].[sub]" />
				</Entry>
				<Entry>
					<References Name="[dbo].[UpdateGithubKey].[@sub]" />
				</Entry>
			</Relationship>
			<Relationship Name="Parameters">
				<Entry>
					<Element Type="SqlSubroutineParameter" Name="[dbo].[UpdateGithubKey].[@sub]">
						<Relationship Name="Type">
							<Entry>
								<Element Type="SqlTypeSpecifier">
									<Property Name="Length" Value="40" />
									<Relationship Name="Type">
										<Entry>
											<References ExternalSource="BuiltIns" Name="[varchar]" />
										</Entry>
									</Relationship>
								</Element>
							</Entry>
						</Relationship>
					</Element>
				</Entry>
				<Entry>
					<Element Type="SqlSubroutineParameter" Name="[dbo].[UpdateGithubKey].[@githubKey]">
						<Relationship Name="Type">
							<Entry>
								<Element Type="SqlTypeSpecifier">
									<Property Name="Length" Value="64" />
									<Relationship Name="Type">
										<Entry>
											<References ExternalSource="BuiltIns" Name="[varchar]" />
										</Entry>
									</Relationship>
								</Element>
							</Entry>
						</Relationship>
					</Element>
				</Entry>
			</Relationship>
			<Relationship Name="Schema">
				<Entry>
					<References ExternalSource="BuiltIns" Name="[dbo]" />
				</Entry>
			</Relationship>
			<Annotation Type="SysCommentsObjectAnnotation">
				<Property Name="CreateOffset" Value="29" />
				<Property Name="Length" Value="297" />
				<Property Name="StartLine" Value="1" />
				<Property Name="StartColumn" Value="1" />
				<Property Name="HeaderContents" Value="-- Procedure for github_key&#xD;&#xA;CREATE PROCEDURE dbo.UpdateGithubKey&#xD;&#xA;    @sub VARCHAR(40),&#xD;&#xA;    @githubKey VARCHAR(64)&#xD;&#xA;AS" />
			</Annotation>
		</Element>
		<Element Type="SqlProcedure" Name="[dbo].[UpdateOutlookKey]">
			<Property Name="BodyScript">
				<Value QuotedIdentifiers="True" AnsiNulls="True"><![CDATA[  
BEGIN  
    UPDATE UK  
    SET UK.outlook_key = @outlookKey  
    FROM dbo.User_keys UK  
    INNER JOIN dbo.Users U  
        ON UK.user_id = U.user_id  
    WHERE U.sub = @sub  
END]]></Value>
			</Property>
			<Property Name="IsAnsiNullsOn" Value="True" />
			<Relationship Name="BodyDependencies">
				<Entry>
					<References Name="[dbo].[User_keys]" />
				</Entry>
				<Entry>
					<References Name="[dbo].[Users]" />
				</Entry>
				<Entry>
					<References Name="[dbo].[User_keys].[user_id]" />
				</Entry>
				<Entry>
					<References Name="[dbo].[Users].[user_id]" />
				</Entry>
				<Entry>
					<References Name="[dbo].[User_keys].[outlook_key]" />
				</Entry>
				<Entry>
					<References Name="[dbo].[UpdateOutlookKey].[@outlookKey]" />
				</Entry>
				<Entry>
					<References Name="[dbo].[Users].[sub]" />
				</Entry>
				<Entry>
					<References Name="[dbo].[UpdateOutlookKey].[@sub]" />
				</Entry>
			</Relationship>
			<Relationship Name="Parameters">
				<Entry>
					<Element Type="SqlSubroutineParameter" Name="[dbo].[UpdateOutlookKey].[@sub]">
						<Relationship Name="Type">
							<Entry>
								<Element Type="SqlTypeSpecifier">
									<Property Name="Length" Value="40" />
									<Relationship Name="Type">
										<Entry>
											<References ExternalSource="BuiltIns" Name="[varchar]" />
										</Entry>
									</Relationship>
								</Element>
							</Entry>
						</Relationship>
					</Element>
				</Entry>
				<Entry>
					<Element Type="SqlSubroutineParameter" Name="[dbo].[UpdateOutlookKey].[@outlookKey]">
						<Relationship Name="Type">
							<Entry>
								<Element Type="SqlTypeSpecifier">
									<Property Name="Length" Value="3600" />
									<Relationship Name="Type">
										<Entry>
											<References ExternalSource="BuiltIns" Name="[varchar]" />
										</Entry>
									</Relationship>
								</Element>
							</Entry>
						</Relationship>
					</Element>
				</Entry>
			</Relationship>
			<Relationship Name="Schema">
				<Entry>
					<References ExternalSource="BuiltIns" Name="[dbo]" />
				</Entry>
			</Relationship>
			<Annotation Type="SysCommentsObjectAnnotation">
				<Property Name="Length" Value="285" />
				<Property Name="StartLine" Value="1" />
				<Property Name="StartColumn" Value="1" />
				<Property Name="HeaderContents" Value="CREATE PROCEDURE dbo.UpdateOutlookKey  &#xA;    @sub VARCHAR(40),  &#xA;    @outlookKey VARCHAR(3600)  &#xA;AS" />
			</Annotation>
		</Element>
		<Element Type="SqlTable" Name="[dbo].[User_keys]">
			<Property Name="IsAnsiNullsOn" Value="True" />
			<Relationship Name="Columns">
				<Entry>
					<Element Type="SqlSimpleColumn" Name="[dbo].[User_keys].[user_key_id]">
						<Property Name="IsNullable" Value="False" />
						<Property Name="IsIdentity" Value="True" />
						<Relationship Name="TypeSpecifier">
							<Entry>
								<Element Type="SqlTypeSpecifier">
									<Relationship Name="Type">
										<Entry>
											<References ExternalSource="BuiltIns" Name="[int]" />
										</Entry>
									</Relationship>
								</Element>
							</Entry>
						</Relationship>
						<Annotation Type="OnlinePropertyAnnotation" Name="[LastValue]">
							<Property Name="Value" Value="6" />
						</Annotation>
					</Element>
				</Entry>
				<Entry>
					<Element Type="SqlSimpleColumn" Name="[dbo].[User_keys].[user_id]">
						<Property Name="IsNullable" Value="False" />
						<Relationship Name="TypeSpecifier">
							<Entry>
								<Element Type="SqlTypeSpecifier">
									<Relationship Name="Type">
										<Entry>
											<References ExternalSource="BuiltIns" Name="[int]" />
										</Entry>
									</Relationship>
								</Element>
							</Entry>
						</Relationship>
					</Element>
				</Entry>
				<Entry>
					<Element Type="SqlSimpleColumn" Name="[dbo].[User_keys].[outlook_key]">
						<Relationship Name="TypeSpecifier">
							<Entry>
								<Element Type="SqlTypeSpecifier">
									<Property Name="Length" Value="3600" />
									<Relationship Name="Type">
										<Entry>
											<References ExternalSource="BuiltIns" Name="[varchar]" />
										</Entry>
									</Relationship>
								</Element>
							</Entry>
						</Relationship>
					</Element>
				</Entry>
				<Entry>
					<Element Type="SqlSimpleColumn" Name="[dbo].[User_keys].[github_key]">
						<Relationship Name="TypeSpecifier">
							<Entry>
								<Element Type="SqlTypeSpecifier">
									<Property Name="Length" Value="256" />
									<Relationship Name="Type">
										<Entry>
											<References ExternalSource="BuiltIns" Name="[varchar]" />
										</Entry>
									</Relationship>
								</Element>
							</Entry>
						</Relationship>
					</Element>
				</Entry>
				<Entry>
					<Element Type="SqlSimpleColumn" Name="[dbo].[User_keys].[azure_key]">
						<Relationship Name="TypeSpecifier">
							<Entry>
								<Element Type="SqlTypeSpecifier">
									<Property Name="Length" Value="256" />
									<Relationship Name="Type">
										<Entry>
											<References ExternalSource="BuiltIns" Name="[varchar]" />
										</Entry>
									</Relationship>
								</Element>
							</Entry>
						</Relationship>
					</Element>
				</Entry>
			</Relationship>
			<Relationship Name="Schema">
				<Entry>
					<References ExternalSource="BuiltIns" Name="[dbo]" />
				</Entry>
			</Relationship>
		</Element>
		<Element Type="SqlTable" Name="[dbo].[User_roles]">
			<Property Name="IsAnsiNullsOn" Value="True" />
			<Relationship Name="Columns">
				<Entry>
					<Element Type="SqlSimpleColumn" Name="[dbo].[User_roles].[user_role_id]">
						<Property Name="IsNullable" Value="False" />
						<Property Name="IsIdentity" Value="True" />
						<Relationship Name="TypeSpecifier">
							<Entry>
								<Element Type="SqlTypeSpecifier">
									<Relationship Name="Type">
										<Entry>
											<References ExternalSource="BuiltIns" Name="[int]" />
										</Entry>
									</Relationship>
								</Element>
							</Entry>
						</Relationship>
						<Annotation Type="OnlinePropertyAnnotation" Name="[LastValue]">
							<Property Name="Value" Value="11" />
						</Annotation>
					</Element>
				</Entry>
				<Entry>
					<Element Type="SqlSimpleColumn" Name="[dbo].[User_roles].[user_id]">
						<Property Name="IsNullable" Value="False" />
						<Relationship Name="TypeSpecifier">
							<Entry>
								<Element Type="SqlTypeSpecifier">
									<Relationship Name="Type">
										<Entry>
											<References ExternalSource="BuiltIns" Name="[int]" />
										</Entry>
									</Relationship>
								</Element>
							</Entry>
						</Relationship>
					</Element>
				</Entry>
				<Entry>
					<Element Type="SqlSimpleColumn" Name="[dbo].[User_roles].[role_id]">
						<Property Name="IsNullable" Value="False" />
						<Relationship Name="TypeSpecifier">
							<Entry>
								<Element Type="SqlTypeSpecifier">
									<Relationship Name="Type">
										<Entry>
											<References ExternalSource="BuiltIns" Name="[int]" />
										</Entry>
									</Relationship>
								</Element>
							</Entry>
						</Relationship>
					</Element>
				</Entry>
			</Relationship>
			<Relationship Name="Schema">
				<Entry>
					<References ExternalSource="BuiltIns" Name="[dbo]" />
				</Entry>
			</Relationship>
		</Element>
		<Element Type="SqlTable" Name="[dbo].[Users]">
			<Property Name="IsAnsiNullsOn" Value="True" />
			<Relationship Name="Columns">
				<Entry>
					<Element Type="SqlSimpleColumn" Name="[dbo].[Users].[user_id]">
						<Property Name="IsNullable" Value="False" />
						<Property Name="IsIdentity" Value="True" />
						<Relationship Name="TypeSpecifier">
							<Entry>
								<Element Type="SqlTypeSpecifier">
									<Relationship Name="Type">
										<Entry>
											<References ExternalSource="BuiltIns" Name="[int]" />
										</Entry>
									</Relationship>
								</Element>
							</Entry>
						</Relationship>
						<Annotation Type="OnlinePropertyAnnotation" Name="[LastValue]">
							<Property Name="Value" Value="10" />
						</Annotation>
					</Element>
				</Entry>
				<Entry>
					<Element Type="SqlSimpleColumn" Name="[dbo].[Users].[name]">
						<Relationship Name="TypeSpecifier">
							<Entry>
								<Element Type="SqlTypeSpecifier">
									<Property Name="Length" Value="40" />
									<Relationship Name="Type">
										<Entry>
											<References ExternalSource="BuiltIns" Name="[varchar]" />
										</Entry>
									</Relationship>
								</Element>
							</Entry>
						</Relationship>
					</Element>
				</Entry>
				<Entry>
					<Element Type="SqlSimpleColumn" Name="[dbo].[Users].[surname]">
						<Property Name="IsNullable" Value="False" />
						<Relationship Name="TypeSpecifier">
							<Entry>
								<Element Type="SqlTypeSpecifier">
									<Property Name="Length" Value="40" />
									<Relationship Name="Type">
										<Entry>
											<References ExternalSource="BuiltIns" Name="[varchar]" />
										</Entry>
									</Relationship>
								</Element>
							</Entry>
						</Relationship>
					</Element>
				</Entry>
				<Entry>
					<Element Type="SqlSimpleColumn" Name="[dbo].[Users].[fullname]">
						<Property Name="IsNullable" Value="False" />
						<Relationship Name="TypeSpecifier">
							<Entry>
								<Element Type="SqlTypeSpecifier">
									<Property Name="Length" Value="80" />
									<Relationship Name="Type">
										<Entry>
											<References ExternalSource="BuiltIns" Name="[varchar]" />
										</Entry>
									</Relationship>
								</Element>
							</Entry>
						</Relationship>
					</Element>
				</Entry>
				<Entry>
					<Element Type="SqlSimpleColumn" Name="[dbo].[Users].[email]">
						<Property Name="IsNullable" Value="False" />
						<Relationship Name="TypeSpecifier">
							<Entry>
								<Element Type="SqlTypeSpecifier">
									<Property Name="Length" Value="40" />
									<Relationship Name="Type">
										<Entry>
											<References ExternalSource="BuiltIns" Name="[varchar]" />
										</Entry>
									</Relationship>
								</Element>
							</Entry>
						</Relationship>
					</Element>
				</Entry>
				<Entry>
					<Element Type="SqlSimpleColumn" Name="[dbo].[Users].[sub]">
						<Property Name="IsNullable" Value="False" />
						<Relationship Name="TypeSpecifier">
							<Entry>
								<Element Type="SqlTypeSpecifier">
									<Property Name="Length" Value="40" />
									<Relationship Name="Type">
										<Entry>
											<References ExternalSource="BuiltIns" Name="[varchar]" />
										</Entry>
									</Relationship>
								</Element>
							</Entry>
						</Relationship>
					</Element>
				</Entry>
			</Relationship>
			<Relationship Name="Schema">
				<Entry>
					<References ExternalSource="BuiltIns" Name="[dbo]" />
				</Entry>
			</Relationship>
		</Element>
	</Model>
</DataSchemaModel>