﻿<?xml version="1.0" encoding="utf-8"?>
<DacOrigin xmlns="http://schemas.microsoft.com/sqlserver/dac/Serialization/2012/02">
  <PackageProperties>
    <Version>3.1.0.0</Version>
    <ContainsExportedData>true</ContainsExportedData>
    <StreamVersions>
      <Version StreamName="Data">2.0.0.0</Version>
      <Version StreamName="DeploymentContributors">1.0.0.0</Version>
    </StreamVersions>
  </PackageProperties>
  <Operation>
    <Identity>d38f112e-69cd-42b7-b7fa-582e52414fbb</Identity>
    <Start>2023-06-15T22:30:13.9850530+00:00</Start>
    <End>0001-01-01T00:00:00.0000000</End>
    <ProductName>Microsoft.SqlServer.Dac, Version=16.0.0.0, Culture=neutral, PublicKeyToken=b03f5f7f11d50a3a</ProductName>
    <ProductVersion>16.0.6384.0</ProductVersion>
    <ProductSchema>http://schemas.microsoft.com/sqlserver/dac/Serialization/2012/02</ProductSchema>
  </Operation>
  <Server>
    <ServerVersion>Microsoft SQL Azure (RTM) - 12.0.2000.8 
	May 22 2023 22:22:02 
	Copyright (C) 2022 Microsoft Corporation
</ServerVersion>
    <ObjectCounts>
      <ComputedColumn>5</ComputedColumn>
      <DatabaseOptions>1</DatabaseOptions>
      <DmlTrigger>2</DmlTrigger>
      <ForeignKeyConstraint>3</ForeignKeyConstraint>
      <InlineTableValuedFunction>1</InlineTableValuedFunction>
      <PrimaryKeyConstraint>4</PrimaryKeyConstraint>
      <Procedure>3</Procedure>
      <ScalarFunction>1</ScalarFunction>
      <ScriptFunctionImplementation>2</ScriptFunctionImplementation>
      <SimpleColumn>16</SimpleColumn>
      <SubroutineParameter>8</SubroutineParameter>
      <Table>4</Table>
      <UniqueConstraint>2</UniqueConstraint>
    </ObjectCounts>
  </Server>
  <ExportStatistics>
    <SourceDatabaseSize>10072</SourceDatabaseSize>
    <TableRowCountTotalTag>21</TableRowCountTotalTag>
  </ExportStatistics>
  <Checksums>
    <Checksum Uri="/model.xml">838449D6AA905D1DD6115841A0BDB44620F9C5415DFDAE434CC9CE9CCA2CF046</Checksum>
  </Checksums>
  <ModelSchemaVersion>2.5</ModelSchemaVersion>
</DacOrigin>